{"cameraMode":{"drawMode":0,"name":"Shaded","section":"Shading Mode"},"sceneLighting":true,"audioPlay":false,"sceneViewState":{"m_AlwaysRefresh":false,"showFog":true,"showSkybox":true,"showFlares":true,"showImageEffects":true,"showParticleSystems":true,"showVisualEffectGraphs":true,"m_FxEnabled":true},"in2DMode":false,"pivot":{"x":-2.9170241355895998,"y":56.62031555175781,"z":17.42107391357422},"rotation":{"x":-0.0028685578145086767,"y":0.8153858184814453,"z":-0.5800293684005737,"w":-0.003908439073711634},"size":11.05771541595459,"orthographic":false}